Region,sum,mean,median,count,min,max,quantile,first,last,std
East,1259792.93,4790.087186311787,4649.88,263,113.4,9948.71,4649.88,3750.2,4923.93,2792.3368539283642
North,1369612.51,5129.634868913858,5207.03,267,119.72,9989.04,5207.03,5053.97,4716.36,2893.6599532543446
South,1154250.86,5107.304690265487,4759.875,226,114.59,9961.96,4759.875,4631.23,7629.7,2852.630701953416
West,1235608.93,5063.971024590163,5249.625,244,100.12,9933.22,5249.625,4384.02,1629.47,2851.4131408323287
