Feature,Chi2 Score
mean radius,24.897292900004235
mean perimeter,26.528902301306132
mean area,29.328593787242863
mean concavity,46.18639539079578
mean concave points,52.405742686595374
worst radius,34.124936583097195
worst perimeter,34.438090727904346
worst area,35.043881980699595
worst concavity,31.563031210039178
worst concave points,46.341647693487545
